clause_type,example_1,example_2,instruction,parameters
lease_term,The lease shall be valid for a period of 11 months commencing from [Start_Date].,This agreement is for 11 months starting from [Start_Date] with no automatic renewal.,Clause defining the duration of the lease.,Start_Date
monthly_rent,The Lessee shall pay a rent of Rs. [Rent_Amount]/- every month on or before the 5th.,Monthly rental of Rs. [Rent_Amount]/- is to be paid via NEFT to the Lessor's account.,Clause specifying the monthly rent and due date.,Rent_Amount
security_deposit,The Lessee agrees to pay Rs. [Deposit_Amount]/- as a security deposit refundable upon termination.,A sum of Rs. [Deposit_Amount]/- is taken as interest-free refundable deposit.,Clause about the security deposit amount and refund conditions.,Deposit_Amount
purpose_of_lease,The premises shall be used only for residential purposes and not for any business activity.,The leased unit must be used as a residence and not for running a business.,Clause specifying usage of the premises.,
maintenance_responsibility,Lessee shall be responsible for day-to-day maintenance of the premises.,Minor repairs like leaking taps are to be handled by the tenant.,Clause about who is responsible for maintenance.,Maintenance_Responsibility
subletting_restriction,Lessee shall not sublet or license the premises without Lessor's written consent.,Subleasing without permission will be deemed a breach of contract.,Clause restricting subletting or reassignment.,Subletting_Allowed
lease_termination,Either party may terminate the lease by giving a notice of [Notice_Period] days.,A notice period of [Notice_Period] days is mandatory before vacating.,Clause on termination rights of either party.,Notice_Period
rent_revision,Rent may be revised by up to 10% after completion of 11 months.,Rent escalation will occur at 8% annually on mutual consent.,Clause on periodic rent revision conditions.,Revision_Percentage
lock_in_period,The lease shall have a lock-in period of 6 months during which termination is not allowed.,Tenant shall not terminate the lease before 6 months except under emergency.,Clause defining lock-in restrictions for early exit.,Lockin_Period
penalty_clause,Failure to vacate the property on time shall result in a penalty of Rs. 500 per day.,Delay in handing over possession after lease ends will incur Rs. 1000 per day.,Clause specifying penalty for delayed handover or overstay.,Penalty_Per_Day
repair_responsibility,All internal repairs shall be undertaken by the Lessee at their own cost.,The Lessee shall keep the premises in good working condition during lease.,Clause assigning responsibility for internal repairs.,Repair_Types
utility_payment,"Lessee shall pay all electricity, water, gas, and internet bills during tenancy.",All utility connections shall be transferred to the Lessee during tenancy.,Clause covering utility and amenity bill responsibility.,Bill_Types
property_tax_clause,Property tax shall be paid solely by the Lessor during the lease period.,Taxes levied by local authorities shall be borne by the owner.,Clause assigning responsibility for property tax.,Tax_Payer
entry_rights,The Lessor shall be allowed to inspect the premises with 24-hour notice.,Owner can enter the property with 48 hours’ notice for inspection.,Clause granting landlord access to inspect the property.,Entry_Notice_Hours
pets_policy,No pets shall be kept in the premises without prior approval from the Lessor.,Any pet in the premises requires written approval and vaccination certificate.,Clause defining rules on keeping pets.,Pet_Policy
visitor_policy,Visitors are not allowed to stay overnight without informing the Lessor.,"Guests can stay up to 7 days only, else charges apply.",Clause defining visitor duration or overnight stay rules.,Visitor_Days_Limit
alteration_permission,No structural modifications shall be done by Lessee without written permission.,"Painting, drilling, or interior works are not allowed without consent.",Clause about alteration or modification permissions.,Modification_Type
insurance_clause,The Lessee shall insure their personal belongings at their own discretion.,Tenant is responsible for insurance of personal electronics and valuables.,Clause about insurance requirements for tenant.,Insurance_Coverage
fire_safety,Lessee shall ensure that fire safety guidelines are followed at all times.,Basic fire extinguishers shall be provided and maintained by the Lessee.,Clause about adherence to fire safety standards.,Extinguisher_Provided
eviction_policy,Lessor may evict the Lessee upon serious breach of lease terms.,Eviction shall be processed if illegal activity is reported at the premises.,Clause outlining grounds for eviction.,Eviction_Reason
furnishing_clause,Furniture provided by the Lessor must be maintained in original condition.,"Lessee is liable for damage to sofas, beds, or electronics provided by Lessor.",Clause regarding furnished apartment care and maintenance.,Furniture_List
deposit_refund,Security deposit shall be refunded within 30 days of lease termination after deductions.,"Deposit return shall be made after inspection and deductions, if any.",Clause for returning deposit with deductions.,Refund_Days
notice_period,A 30-day notice is required by either party to terminate the agreement.,Lessee must provide [Notice_Period] days’ notice for leaving the property.,Clause requiring notice for early exit.,Notice_Period
access_rights,Lessor retains the right to access the premises for urgent repairs with prior notice.,Emergency access must be granted to owner in case of water/gas leak.,Clause on emergency access to the leased premises.,Repair_Access_Types
noise_control,Loud music or gatherings after 10 PM are strictly prohibited.,Any loud music disturbing neighbors will invite written warnings.,Clause restricting excessive noise or disturbance.,Noise_Timing
shared_facilities,Lessee may use common areas like terrace and parking as per society rules.,Common amenities shall be used as per RWA guidelines only.,Clause on use of shared society facilities.,Shared_Space_Rules
garbage_disposal,Garbage must be disposed of regularly and not accumulated in corridors.,Improper garbage disposal may lead to fines from the housing society.,Clause about proper disposal of garbage.,Garbage_Rules
water_usage,Water usage should be restricted to domestic purposes only.,Using borewell or unauthorized plumbing shall be deemed a violation.,Clause on water usage limitations or standards.,Water_Usage_Type
electricity_usage,Electricity consumption beyond 300 units shall be borne additionally by Lessee.,Excess power usage shall be adjusted against monthly rental bill.,Clause describing electricity billing arrangement.,Electricity_Limit
renewal_terms,Lease may be renewed upon mutual agreement for an additional 11 months.,"On expiry, a fresh lease agreement must be executed if extended.",Clause for renewal of agreement after lease period.,Renewal_Term
key_handback,All keys shall be returned to the Lessor on termination without duplication.,Lessee must return all duplicate keys and get acknowledgement.,Clause on returning original keys to landlord.,Duplicate_Key_Count
parking_clause,Lessee is allowed parking for one car only in designated area.,No more than one vehicle is allowed per flat in parking.,Clause outlining vehicle parking terms.,Allowed_Vehicles
security_measures,Lessor shall ensure round-the-clock security through CCTV and guards.,Surveillance shall be conducted at entry and exit points of the property.,Clause about security arrangements by landlord.,Security_Measures
cleanliness_clause,Lessee must keep premises clean and hygienic during the tenancy.,Lessee must not create unhygienic or hazardous living conditions.,Clause on tenant's cleanliness and hygiene responsibilities.,Cleanliness_Level
inspection_rights,Lessor has the right to inspect the flat once every quarter.,Owner may request quarterly walkthrough of the flat to ensure upkeep.,Clause about scheduled inspections by landlord.,Inspection_Frequency
government_compliance,The premises shall comply with all municipal and regulatory standards.,Lessee must get approval for any changes to layout from municipality.,Clause ensuring municipal/legal compliance of property.,Compliance_Body
commercial_activity_ban,Commercial use of premises is strictly prohibited and leads to termination.,Running shops or tuition classes in the apartment is banned.,Clause banning commercial activities on residential premises.,Allowed_Use_Type
damage_liability,Lessee shall be liable for damage caused due to negligence.,Tenant must compensate for any broken fittings or cracked tiles.,Clause stating liability for damages by tenant.,Damage_Compensation
fire_exit_access,Fire exits shall not be blocked or obstructed at any time.,No storage near fire exits shall be permitted by society.,Clause mandating clear fire escape access.,Exit_Obstruction
default_event,"In case of default in rent for 2 consecutive months, eviction may be initiated.",Repeated defaults may be recorded and lease cancelled after due process.,Clause defining default and termination on missed payments.,Default_Months
lease_dispute,Disputes shall be first resolved through mediation and then legal recourse.,Conflicts will be first handled via mutual discussion before legal notice.,Clause for resolving disputes through mediation.,Dispute_Mode
legal_jurisdiction,This Agreement shall be governed by laws applicable in the State of Delhi.,The courts of Delhi shall have exclusive jurisdiction over all matters.,Clause about legal jurisdiction of disputes.,Jurisdiction_City
governing_law,All provisions shall be interpreted in accordance with Indian Contract Act.,This agreement follows provisions of Transfer of Property Act and Rent Control Acts.,Clause stating applicable legal framework.,Governing_Law
agreement_binding,This lease constitutes the entire agreement between both parties.,No previous verbal commitments shall override this written agreement.,Clause affirming complete understanding of agreement.,Agreement_Scope
heir_responsibility,"This agreement shall also bind heirs, successors, and legal representatives.","In case of death, nominee or heir must honor the lease conditions.",Clause binding agreement on legal successors.,Successor_Binding
agreement_amendment,Any amendment shall be in writing and signed by both parties.,Changes to terms will not be valid unless agreed in writing.,Clause stating conditions for valid amendments.,Amendment_Condition
agreement_language,This agreement shall be executed in English only.,Only English version of this lease shall be admissible in disputes.,Clause specifying language of execution.,Language
communication_method,Notices shall be served via registered post or email.,Electronic mail and courier are valid means of service of notice.,Clause on official means of communication.,Communication_Mode
termination_on_sale,"If the property is sold, this lease stands terminated with 2 months’ notice.",Owner shall notify the Lessee if sale is intended 60 days in advance.,Clause allowing termination if property is sold.,Termination_Notice
force_majeure,Neither party shall be held liable for events beyond their control (Force Majeure).,"Flood, earthquake, or war-like events shall be considered Force Majeure.",Clause excusing liability under uncontrollable events.,Force_Majeure_Events
